Name,Mass,Radius,Period,StTeff,StRadius,Letter
Kepler-168,,0.13,4.425391,6282.0,1.11,b
Kepler-169,,0.101,3.250619,4997.0,0.76,b
Kepler-169,,0.108,6.195469,4997.0,0.76,c
Kepler-169,,0.112,8.348125,4997.0,0.76,d
Kepler-169,,0.23,87.090195,4997.0,0.76,f
Kepler-170,,0.285,7.930592,5679.0,1.03,b
Kepler-170,,0.255,16.665863,5679.0,1.03,c
Kepler-171,,0.228,11.463462,5642.0,0.84,c
Kepler-171,,0.169,39.595519,5642.0,0.84,d
Kepler-172,,0.21,2.940309,5526.0,1.08,b
Kepler-172,,0.255,6.388996,5526.0,1.08,c
Kepler-172,,0.246,35.118736,5526.0,1.08,e
Kepler-173,,0.115,4.263742,6031.0,0.95,b
Kepler-173,,0.217,8.005777,6031.0,0.95,c
Kepler-174,,0.133,44.000529,4880.0,0.62,c
Kepler-174,,0.195,247.35373,4880.0,0.62,d
Kepler-175,,0.228,11.903515,6064.0,1.01,b
Kepler-176,,0.128,5.433074,5232.0,0.89,b
Kepler-176,,0.232,12.759712,5232.0,0.89,c
Kepler-176,,0.224,25.751974,5232.0,0.89,d
Kepler-177,0.024,0.633,49.412,5942.0,1.07,c
Kepler-178,,0.259,9.576694,5676.0,1.07,b
Kepler-178,,0.257,20.552802,5676.0,1.07,c
Kepler-179,,0.146,2.735926,5302.0,0.76,b
Kepler-179,,0.178,6.40013,5302.0,0.76,c
Kepler-180,,0.134,13.817124,5731.0,1.06,b
Kepler-180,,0.269,41.885775,5731.0,1.06,c
Kepler-181,,0.113,3.137873,5333.0,0.75,b
Kepler-181,,0.178,4.302149,5333.0,0.75,c
Kepler-182,,0.23,9.825792,6250.0,1.15,b
Kepler-182,,0.306,20.684342,6250.0,1.15,c
Kepler-183,,0.184,5.687945,5888.0,0.96,b
Kepler-183,,0.203,11.637071,5888.0,0.96,c
Kepler-184,,0.211,10.687576,5788.0,0.87,b
Kepler-184,,0.176,20.303005,5788.0,0.87,c
Kepler-184,,0.222,29.022358,5788.0,0.87,d
Kepler-185,,0.104,1.6329,5208.0,0.81,b
Kepler-185,,0.18,20.729042,5208.0,0.81,c
Kepler-186,,0.112,7.267302,3755.0,0.52,c
Kepler-186,,0.125,13.342996,3755.0,0.52,d
Kepler-186,,0.113,22.407704,3755.0,0.52,e
Kepler-187,,0.126,4.938864,6105.0,1.29,b
Kepler-187,,0.238,10.640263,6105.0,1.29,c
Kepler-188,,0.15,2.061897,6021.0,1.14,b
Kepler-189,,0.108,10.399931,5235.0,0.75,b
Kepler-189,,0.212,20.134866,5235.0,0.75,c
Kepler-190,,0.139,2.019999,5106.0,0.8,b
Kepler-190,,0.13,3.763024,5106.0,0.8,c
Kepler-191,,0.166,17.738506,5282.0,0.79,c
Kepler-192,,0.244,9.926746,5479.0,1.01,b
Kepler-192,,0.249,21.2234,5479.0,1.01,c
Kepler-193,,0.245,50.697494,6335.0,1.15,c
Kepler-194,,0.135,2.092281,6089.0,1.02,b
Kepler-194,,0.231,17.308032,6089.0,1.02,c
Kepler-195,,0.181,8.307872,5329.0,0.78,b
Kepler-195,,0.138,34.096863,5329.0,0.78,c
Kepler-196,,0.17,20.739886,5128.0,0.78,b
Kepler-197,,0.091,5.599308,6004.0,1.12,b
Kepler-197,,0.11,10.349695,6004.0,1.12,c
Kepler-197,,0.109,15.677563,6004.0,1.12,d
Kepler-197,,0.081,25.209715,6004.0,1.12,e
Kepler-198,,0.22,49.567416,5574.0,0.94,c
Kepler-199,,0.277,23.637604,5644.0,0.97,b
Kepler-199,,0.29,67.093408,5644.0,0.97,c
Kepler-200,,0.142,10.222157,5678.0,0.94,c
Kepler-201,,0.219,25.672083,6065.0,1.23,b
Kepler-201,,0.254,151.884058,6065.0,1.23,c
Kepler-203,,0.229,3.162697,5821.0,1.11,b
Kepler-203,,0.22,5.370647,5821.0,1.11,c
Kepler-203,,0.128,11.32972,5821.0,1.11,d
Kepler-204,,0.16,25.660593,5812.0,1.24,c
Kepler-205,,0.135,2.75564,4321.0,0.55,b
Kepler-205,,0.146,20.306546,4321.0,0.55,c
Kepler-206,,0.158,13.137471,5764.0,1.19,c
HD 142,,,349.7,6245.0,1.47,b
HD 142,,,6005.0,6245.0,1.47,c
HD 1605,,,577.9,4757.0,3.8,b
HD 4203,,,437.05,5702.0,,b
HD 4732,,,360.2,4959.0,5.4,b
HD 5319,,,886.0,4958.0,3.85,c
HD 7924,,,5.39792,5075.0,0.78,b
HD 7924,,,15.299,5075.0,0.78,c
HD 9446,,,30.052,5793.0,1.0,b
HD 9446,,,192.9,5793.0,1.0,c
HD 10180,,,16.357,5911.0,1.11,d
HD 10180,,,49.748,5911.0,1.11,e
HD 10180,,,122.744,5911.0,1.11,f
HD 10180,,,2205.0,5911.0,1.11,h
HD 11506,,,1627.5,6055.0,1.33,b
HD 11506,,,223.6,6055.0,1.33,c
HD 11964,,,37.91,5349.0,,c
HD 12661,,,1708.0,5748.0,1.11,c
HD 13908,,,931.0,6255.0,1.67,c
HD 20794,,,18.315,5401.0,,b
Kepler-206,,0.106,23.44281,5764.0,1.19,d
Kepler-207,,0.14,1.611865,5920.0,1.59,b
Kepler-207,,0.295,5.868075,5920.0,1.59,d
Kepler-208,,0.145,4.22864,6092.0,1.31,b
Kepler-208,,0.124,7.466623,6092.0,1.31,c
Kepler-208,,0.132,16.259458,6092.0,1.31,e
Kepler-209,,0.202,16.087845,5513.0,0.94,b
Kepler-209,,0.277,41.749882,5513.0,0.94,c
Kepler-210,,0.262,2.453234,4559.0,0.65,b
Kepler-211,,0.112,4.138575,5123.0,0.82,b
Kepler-211,,0.115,6.04045,5123.0,0.82,c
Kepler-212,,0.097,16.257582,5852.0,1.46,b
Kepler-213,,0.145,2.46236,5696.0,1.2,b
Kepler-213,,0.209,4.822962,5696.0,1.2,c
HAT-P-44,0.352,1.242,4.301219,5295.0,0.95,b
HAT-P-44,,,872.2,5295.0,0.95,c
GJ 163,,,8.63182,3500.0,,b
GJ 163,,,25.63058,3500.0,,c
GJ 163,,,603.95116,3500.0,,d
GJ 581,,,5.3686,,0.29,b
GJ 581,,,12.914,,0.29,c
GJ 667 C,,,7.2004,3350.0,,b
GJ 667 C,,,28.14,3350.0,,c
GJ 667 C,,,39.026,3350.0,,f
GJ 667 C,,,256.2,3350.0,,g
GJ 676 A,6.7,,1051.1,,,b
GJ 676 A,,,3.6005,,,d
GJ 832,,,35.68,3472.0,,c
GJ 876,0.7142,,30.0881,,,c
GJ 876,0.021,,1.93778,,,d
GJ 3293,,,30.5987,3466.0,0.4,b
GJ 3293,,,122.6196,3466.0,0.4,c
HAT-P-13,0.851,1.272,2.91625,5653.0,1.56,b
HAT-P-17,0.534,1.01,10.338523,5246.0,0.84,b
CoRoT-7,0.018,0.141,0.85359159,5259.0,0.82,b
CoRoT-24,0.088,0.44,11.759,4950.0,0.86,c
Kepler-115,,0.097,2.403679,5979.0,1.21,b
Kepler-115,,0.232,8.990889,5979.0,1.21,c
Kepler-116,,0.305,5.968734,6142.0,1.45,b
Kepler-117,0.094,0.719,18.7959228,6150.0,1.61,b
Kepler-117,1.84,1.101,50.790391,6150.0,1.61,c
Kepler-118,,0.175,7.518496,5274.0,1.09,b
Kepler-118,,0.685,20.17202,5274.0,1.09,c
Kepler-119,,0.082,4.125103,5595.0,0.84,c
Kepler-120,,0.192,6.312501,4096.0,0.53,b
Kepler-120,,0.136,12.794585,4096.0,0.53,c
Kepler-121,,0.203,41.008011,5311.0,0.7,c
Kepler-122,,0.209,5.766193,6050.0,1.22,b
Kepler-122,,0.524,12.465988,6050.0,1.22,c
Kepler-122,,0.232,37.993273,6050.0,1.22,e
Kepler-122,0.113,0.156,56.268,6050.0,1.22,f
Kepler-123,,0.262,17.232366,6089.0,1.26,b
Kepler-123,,0.132,26.695074,6089.0,1.26,c
Kepler-124,,0.156,13.821375,4984.0,0.64,c
Kepler-124,,0.099,30.950851,4984.0,0.64,d
Kepler-125,,0.211,4.164389,3810.0,0.51,b
Kepler-126,,0.136,10.495711,6239.0,1.36,b
Kepler-126,,0.141,21.869741,6239.0,1.36,c
Kepler-126,,0.223,100.283134,6239.0,1.36,d
Kepler-127,,0.237,29.393195,6106.0,1.36,c
Kepler-127,,0.236,48.630408,6106.0,1.36,d
Kepler-128,0.097,0.101,15.09,6090.0,1.66,b
Kepler-129,,0.211,15.79186,5770.0,1.64,b
Kepler-129,,0.227,82.20017,5770.0,1.64,c
Kepler-130,,0.091,8.457458,5884.0,1.13,b
Kepler-130,,0.146,87.517905,5884.0,1.13,d
Kepler-131,0.051,0.215,16.092,5685.0,1.03,b
Kepler-132,,0.108,6.178196,6003.0,1.18,b
Kepler-132,,0.138,18.010199,6003.0,1.18,d
Kepler-133,,0.157,8.129976,5736.0,1.43,b
Kepler-133,,0.253,31.517586,5736.0,1.43,c
Kepler-134,,0.178,5.317429,5983.0,1.18,b
Kepler-135,,0.161,6.00253,6090.0,1.27,b
Kepler-135,,0.103,11.448708,6090.0,1.27,c
Kepler-136,,0.183,11.5789,6165.0,1.35,b
Kepler-137,,0.131,8.436387,5187.0,0.8,b
Kepler-137,,0.168,18.735753,5187.0,0.8,c
Kepler-138,0.00201,0.108,23.0881,3841.0,0.44,d
Kepler-139,,0.262,15.771044,5594.0,1.3,b
Kepler-139,,0.302,157.072878,5594.0,1.3,c
Kepler-140,,0.161,91.353282,6077.0,1.29,c
Kepler-141,,0.062,3.107675,4910.0,0.79,b
Kepler-141,,0.126,7.010606,4910.0,0.79,c
Kepler-142,,0.255,4.761702,5790.0,1.27,c
Kepler-142,,0.193,41.809118,5790.0,1.27,d
Kepler-143,,0.215,16.007583,5848.0,1.36,b
Kepler-143,,0.301,27.082511,5848.0,1.36,c
Kepler-144,,0.119,5.885273,6075.0,1.24,b
Kepler-144,,0.12,10.104665,6075.0,1.24,c
Kepler-145,0.117,0.236,22.951,6022.0,1.85,b
Kepler-145,0.25,0.385,42.882,6022.0,1.85,c
Kepler-146,,0.331,31.158799,5948.0,1.21,b
Kepler-146,,0.279,76.732171,5948.0,1.21,c
Kepler-147,,0.136,12.610584,6012.0,1.47,b
Kepler-147,,0.217,33.416423,6012.0,1.47,c
Kepler-148,,0.161,1.729366,5272.0,0.85,b
Kepler-148,,0.321,4.180043,5272.0,0.85,c
Kepler-149,,0.376,29.198943,5381.0,0.95,b
Kepler-149,,0.144,55.328328,5381.0,0.95,c
Kepler-149,,0.353,160.018032,5381.0,0.95,d
Kepler-150,,0.112,3.428054,5560.0,0.94,b
Kepler-150,,0.249,12.56093,5560.0,0.94,d
Kepler-150,,0.278,30.826557,5560.0,0.94,e
Kepler-151,,0.273,15.228958,5460.0,0.83,b
Kepler-152,,0.249,18.207973,5088.0,0.72,b
Kepler-152,,0.213,88.255055,5088.0,0.72,c
Kepler-153,,0.261,18.870227,5404.0,0.89,b
Kepler-153,,0.226,46.90232,5404.0,0.89,c
Kepler-154,,0.263,62.303276,5690.0,1.0,c
Kepler-155,,0.186,5.931194,4508.0,0.62,b
Kepler-155,,0.2,52.661793,4508.0,0.62,c
Kepler-156,,0.227,15.906801,5094.0,0.81,c
Kepler-157,,0.118,1.732342,5774.0,1.04,b
Kepler-157,,0.2,13.5405,5774.0,1.04,c
Kepler-158,,0.17,28.551383,4623.0,0.62,c
Kepler-159,,0.212,10.139623,4625.0,0.66,b
Kepler-159,,0.304,43.595792,4625.0,0.66,c
Kepler-160,,0.137,4.309427,5857.0,0.88,b
Kepler-161,,0.189,4.921355,5078.0,0.81,b
Kepler-161,,0.183,7.06424,5078.0,0.81,c
Kepler-162,,0.112,6.919798,5816.0,0.96,b
Kepler-163,,0.094,7.810937,5776.0,0.92,b
Kepler-163,,0.202,21.347262,5776.0,0.92,c
Kepler-164,,0.126,5.03503,5888.0,1.15,b
Kepler-164,,0.219,28.986769,5888.0,1.15,d
Kepler-165,,0.207,8.180848,5211.0,0.77,b
Kepler-165,,0.199,15.31299,5211.0,0.77,c
Kepler-166,,0.212,34.260281,5413.0,0.74,c
Kepler-167,,0.144,4.3931632,4890.0,0.73,b
Kepler-167,,0.138,7.406114,4890.0,0.73,c
Kepler-46,6.0,0.808,33.60134,5309.0,0.79,b
Kepler-46,,0.146,6.766589,5309.0,0.79,d
Kepler-47,2.0,0.27,49.532,5636.0,0.96,b
Kepler-47,28.0,0.411,303.137,5636.0,0.96,c
Kepler-48,0.04597,0.242,9.67395,5194.0,0.89,c
Kepler-48,2.067,,982.0,5194.0,0.89,e
Kepler-49,0.98,0.243,7.2037945,4252.0,0.56,b
Kepler-49,,0.143,2.576549,4252.0,0.56,d
Kepler-49,,0.139,18.596108,4252.0,0.56,e
Kepler-50,,0.153,7.81254,6225.0,1.58,b
Kepler-51,0.007,0.633,45.154,6018.0,0.94,b
Kepler-51,0.013,0.803,85.312,6018.0,0.94,c
Kepler-51,0.024,0.865,130.194,6018.0,0.94,d
Kepler-52,10.41,0.164,16.3850021,4263.0,0.56,c
Kepler-52,,0.174,36.445171,4263.0,0.56,d
Kepler-53,18.41,0.258,18.6489525,5858.0,0.89,b
Kepler-53,,0.189,9.751962,5858.0,0.89,d
Kepler-54,0.92,0.187,8.0109434,4252.0,0.55,b
Kepler-54,0.37,0.11,12.0717249,4252.0,0.55,c
Kepler-54,,0.136,20.995694,4252.0,0.55,d
Kepler-55,1.11,0.197,42.1516418,4503.0,0.62,c
Kepler-55,,0.142,2.211099,4503.0,0.62,d
Kepler-55,,0.138,4.617534,4503.0,0.62,e
Kepler-56,0.07,0.581,10.5016,4840.0,4.23,b
Kepler-56,0.57,0.874,21.40239,4840.0,4.23,c
Kepler-57,18.86,0.195,5.7293196,5145.0,0.73,b
Kepler-58,1.39,0.248,10.2184954,6099.0,1.13,b
Kepler-58,2.19,0.255,15.5741568,6099.0,1.13,c
Kepler-58,,0.262,40.101371,6099.0,1.13,d
Kepler-59,2.05,0.098,11.8681707,6074.0,0.94,b
Kepler-60,0.01318,0.153,7.1334,5905.0,1.26,b
Kepler-60,0.01211,0.17,8.9187,5905.0,1.26,c
Kepler-60,0.01309,0.178,11.8981,5905.0,1.26,d
Kepler-62,0.03,0.117,5.714932,4925.0,0.64,b
Kepler-62,0.013,0.048,12.4417,4925.0,0.64,c
Kepler-62,0.044,0.174,18.16406,4925.0,0.64,d
Kepler-62,0.11,0.126,267.291,4925.0,0.64,f
Kepler-65,,0.127,2.15491,6211.0,1.41,b
Kepler-65,,0.136,8.13123,6211.0,1.41,d
Kepler-68,0.01878,0.208,5.39875,5793.0,1.24,b
Kepler-68,0.02265,0.089,9.60504,5793.0,1.24,c
Kepler-69,,0.2,13.722341,5638.0,0.93,b
Kepler-69,,0.153,242.4613,5638.0,0.93,c
KOI-55,0.0014,0.068,0.240104,27730.0,0.2,b
KOI-55,0.0021,0.077,0.342887,27730.0,0.2,c
HD 20794,,,90.309,5401.0,,d
HD 27894,,,18.02,,,b
HD 30177,,,2524.4,5580.0,,b
HD 34445,,,1056.7,5836.0,1.38,b
HD 37124,,,154.378,,,b
HD 37124,,,1862.0,,,d
HD 37605,,,55.01307,5448.0,0.9,b
HD 38529,,,14.3098,5697.0,,b
HD 38529,,,2140.2,5697.0,,c
HD 40307,,,4.3123,4956.0,,b
HD 40307,,,20.432,4956.0,,d
HD 40307,,,51.76,4956.0,,f
HD 45364,,,226.93,,,b
HD 47186,,,4.0845,5675.0,,b
HD 60532,,,201.9,6245.0,2.57,b
HD 60532,,,600.1,6245.0,2.57,c
HD 65216,,,572.4,5666.0,,b
HD 67087,,,2374.0,6330.0,1.55,c
HD 69830,,,31.56,5385.0,,c
HD 69830,,,197.0,5385.0,,d
HD 73526,,,188.9,,,b
HD 74156,,,51.645,6068.0,,b
HD 74156,,,2473.0,6068.0,,c
HD 82943,1.959,,220.078,6016.0,,c
HD 108874,,,395.8,5551.0,,b
HD 108874,,,1624.0,5551.0,,c
HD 109271,,,30.93,5783.0,,c
HD 113538,,,663.2,4462.0,0.53,b
HD 113538,,,1818.0,4462.0,0.53,c
HD 125612,,,559.4,5900.0,,b
HD 125612,,,4.1547,5900.0,,c
HD 128311,,,453.019,,0.76,b
HD 128311,3.789,,921.538,,0.76,c
HD 134987,,,258.19,5585.0,1.25,b
HD 147018,,,44.236,5441.0,,b
HD 154857,,,408.6,5605.0,1.76,b
HD 155358,,,194.3,,,b
HD 155358,,,391.9,,,c
HD 159243,,,12.62,6123.0,1.12,b
HD 159243,,,248.4,6123.0,1.12,c
HD 159868,,,352.3,5558.0,,c
HD 160691,,,643.25,5807.0,,b
HD 160691,,,9.6386,5807.0,,d
HD 160691,,,310.55,5807.0,,e
HD 163607,,,1314.0,5543.0,1.63,c
HD 164922,,,1201.1,5293.0,1.0,b
HD 168443,,,58.11247,5491.0,1.51,b
HD 168443,,,1749.83,5491.0,1.51,c
HD 169830,,,2102.0,6299.0,,c
HD 177830,,,406.6,4949.0,2.62,b
HD 177830,,,110.9,4949.0,2.62,c
HD 181433,,,9.3743,4962.0,,b
HD 181433,,,2172.0,4962.0,,d
HD 183263,,,626.5,5936.0,,b
HD 215497,,,567.94,5113.0,,c
HD 217107,,,4270.0,5646.0,,c
HIP 5158,,,9017.76,4962.0,,c
HIP 14810,,,147.73,5485.0,1.0,c
HIP 14810,,,952.0,5485.0,1.0,d
GJ 1148,,,41.38,,,b
HIP 57274,,,8.1352,,,b
HIP 57274,,,431.7,,,d
HIP 67851,,,2131.8,4890.0,5.92,c
HD 183263,,,3070.0,5936.0,,c
HD 187123,,,3.0965828,5830.0,,b
HD 187123,,,3810.0,5830.0,,c
HD 190360,,,2915.0,5590.0,1.13,b
HD 190360,,,17.111,5590.0,1.13,c
HD 192310,,,74.72,5166.0,,b
HD 200964,,,613.8,5164.0,4.3,b
HD 200964,,,825.0,5164.0,4.3,c
HD 202206,,,1383.4,5765.0,,c
HD 204313,,,2024.1,5776.0,,b
HD 207832,,,161.97,5710.0,0.9,b
HD 207832,,,1155.7,5710.0,0.9,c
Kepler-18,0.054,0.49,7.64159,5345.0,1.11,c
Kepler-18,0.052,0.623,14.85888,5345.0,1.11,d
Kepler-19,0.02643,,9.28716,5544.0,0.86,b
Kepler-20,0.03052,0.167,3.69611525,5495.0,0.96,b
Kepler-20,0.04012,0.272,10.85409089,5495.0,0.96,c
Kepler-20,0.03168,0.245,77.61130017,5495.0,0.96,d
Kepler-20,,0.089,19.57758478,5495.0,0.96,f
Kepler-23,0.8,0.17,7.1073,5828.0,1.55,b
Kepler-23,,0.196,15.274299,5828.0,1.55,d
Kepler-24,1.6,0.214,8.1453,5897.0,1.29,b
Kepler-24,1.6,0.25,12.3335,5897.0,1.29,c
Kepler-24,,0.248,18.998355,5897.0,1.29,e
Kepler-25,0.0302,0.242,6.2385,6270.0,1.31,b
Kepler-25,0.0774,0.464,12.7204,6270.0,1.31,c
Kepler-26,0.01611,0.248,12.28,3914.0,0.51,b
Kepler-26,,0.215,46.827915,3914.0,0.51,e
Kepler-27,9.11,0.357,15.3348,5400.0,0.59,b
Kepler-27,13.8,0.437,31.3309,5400.0,0.59,c
Kepler-28,1.36,0.303,8.9858,4590.0,0.7,c
Kepler-29,0.01419,0.299,10.3384,5701.0,0.93,b
Kepler-29,0.01259,0.28,13.2884,5701.0,0.93,c
Kepler-30,2.01,1.097,60.323105,5498.0,0.95,c
Kepler-30,0.073,0.785,143.34394,5498.0,0.95,d
Kepler-31,,0.491,20.8613,6340.0,1.22,b
Kepler-31,4.7,0.473,42.6318,6340.0,1.22,c
Kepler-32,4.1,0.196,5.90124,3900.0,0.53,b
Kepler-32,0.5,0.178,8.7522,3900.0,0.53,c
Kepler-32,,0.241,22.7802,3900.0,0.53,d
Kepler-32,,0.073,0.74296,3900.0,0.53,f
Kepler-33,,0.155,5.66793,5904.0,1.82,b
Kepler-33,,0.285,13.17562,5904.0,1.82,c
HR 8799,7.0,1.2,170000.0,,,b
HR 8799,10.0,1.2,69000.0,,,c
HR 8799,,,18000.0,,,e
K2-3,,0.165,24.64354,3896.0,0.56,c
KELT-6,,1.18,7.8455821,6272.0,1.53,b
Kepler-9,0.252,0.842,19.24,5777.0,1.02,b
Kepler-9,0.171,0.823,38.91,5777.0,1.02,c
Kepler-9,,0.146,1.592851,5777.0,1.02,d
Kepler-10,0.054,0.21,45.294301,5627.0,1.06,c
Kepler-11,0.006,0.161,10.3039,5663.0,1.06,b
Kepler-11,0.009,0.256,13.0241,5663.0,1.06,c
Kepler-11,0.023,0.278,22.6845,5663.0,1.06,d
Kepler-11,0.006,0.222,46.6888,5663.0,1.06,f
Kepler-11,0.079,0.297,118.3807,5663.0,1.06,g
Kepler-33,,0.477,21.77596,5904.0,1.82,d
Kepler-33,,0.359,31.7844,5904.0,1.82,e
Kepler-33,,0.398,41.02902,5904.0,1.82,f
Kepler-36,0.014,0.133,13.83989,5911.0,1.63,b
Kepler-36,0.025,0.328,16.23855,5911.0,1.63,c
Kepler-37,0.03146,0.029,13.3675,5417.0,0.77,b
Kepler-37,0.03776,0.067,21.302,5417.0,0.77,c
Kepler-37,0.03839,0.173,39.7922,5417.0,0.77,d
Kepler-42,,0.07,1.2137672,3068.0,0.17,b
Kepler-42,,0.065,0.45328509,3068.0,0.17,c
Kepler-42,,0.051,1.865169,3068.0,0.17,d
Kepler-403,,0.127,13.61159129,6090.0,1.33,d
Kepler-1336,,0.177,23.198681,5512.0,1.3,b
Kepler-1336,,0.153,5.77721211,5512.0,1.3,c
Kepler-1350,,0.225,4.4968604,3827.0,0.53,b
Kepler-1350,,0.154,1.76678906,3827.0,0.53,c
Wolf 1061,,,4.8869,3342.0,0.31,b
Wolf 1061,,,17.8719,3342.0,0.31,c
Wolf 1061,,,217.21,3342.0,0.31,d
Kepler-1365,,0.082,7.69993485,5770.0,1.05,b
Kepler-1365,,0.071,4.77468005,5770.0,1.05,c
Kepler-1370,,0.164,20.2641684,6202.0,1.29,b
Kepler-1370,,0.113,7.44142113,6202.0,1.29,c
Kepler-1371,,0.065,3.4462039,5361.0,0.83,b
Kepler-1371,,0.057,2.00541269,5361.0,0.83,c
Kepler-81,,0.216,5.955,4500.0,0.59,b
Kepler-81,,0.211,12.04,4500.0,0.59,c
Kepler-81,,0.108,20.837846,4500.0,0.59,d
Kepler-82,,0.477,51.538,5428.0,0.94,c
Kepler-82,,0.158,2.382961,5428.0,0.94,d
Kepler-82,,0.22,5.902206,5428.0,0.94,e
Kepler-83,,0.211,20.09,4648.0,0.59,c
Kepler-83,,0.173,5.169796,4648.0,0.59,d
Kepler-84,,0.199,8.726,6031.0,1.17,b
Kepler-84,,0.123,4.224537,6031.0,1.17,d
Kepler-84,,0.232,27.434389,6031.0,1.17,e
Kepler-84,,0.196,44.552169,6031.0,1.17,f
Kepler-85,,0.194,12.513,5436.0,0.89,c
Kepler-85,,0.107,17.91323,5436.0,0.89,d
Kepler-85,,0.113,25.216751,5436.0,0.89,e
Kepler-87,0.02,0.548,191.2318,5600.0,1.82,c
KOI-142,0.027,0.337,10.95416,5471.0,0.88,b
KOI-142,0.626,,22.3395,5471.0,0.88,c
KOI-94,0.033,0.153,3.743208,6182.0,1.52,b
KOI-94,0.11,0.585,54.32031,6182.0,1.52,e
KOI-351,,0.117,7.008151,6080.0,1.2,b
KOI-351,,0.106,8.719375,6080.0,1.2,c
KOI-351,,0.256,59.73667,6080.0,1.2,d
KOI-351,,0.237,91.93913,6080.0,1.2,e
KOI-351,,0.257,124.9144,6080.0,1.2,f
KOI-351,,0.723,210.60697,6080.0,1.2,g
Kepler-92,0.202,0.313,13.749,5883.0,1.7,b
Kepler-93,0.01265,0.132,4.72673978,5669.0,0.92,b
Kepler-93,3.0,,1460.0,5669.0,0.92,c
Kepler-97,1.08,,789.0,5779.0,0.98,c
Kepler-100,,0.144,35.3331,5825.0,1.49,d
Kepler-101,0.01,0.112,6.02976,5667.0,1.56,c
Kepler-102,,0.042,5.28696,4909.0,0.76,b
Kepler-102,,0.052,7.07142,4909.0,0.76,c
Kepler-102,0.028,0.198,16.1457,4909.0,0.76,e
Kepler-104,,0.277,11.427548,5711.0,1.35,b
Kepler-104,,0.319,51.755394,5711.0,1.35,d
Kepler-105,,0.429,5.4122,5827.0,0.89,b
Kepler-105,0.01447,0.117,7.1262,5827.0,0.89,c
Kepler-106,0.033,0.223,13.5708,5858.0,1.04,c
Kepler-106,,0.085,23.9802,5858.0,1.04,d
Kepler-107,,0.139,3.179997,5851.0,1.41,b
Kepler-107,,0.161,4.901425,5851.0,1.41,c
Kepler-107,,0.308,14.749049,5851.0,1.41,e
Kepler-108,,0.772,49.183921,5854.0,2.19,b
Kepler-108,,0.73,190.323494,5854.0,2.19,c
Kepler-109,,0.225,21.2227,5952.0,1.32,c
Kepler-110,,0.163,12.691112,5960.0,1.15,b
Kepler-111,,0.141,3.341815,5952.0,1.16,b
Kepler-79,0.0343,0.31,13.4845,6174.0,1.3,b
Kepler-79,0.019,0.332,27.4029,6174.0,1.3,c
Kepler-79,0.013,0.311,81.0659,6174.0,1.3,e
Kepler-80,0.0218,0.238,7.05246,4540.0,0.68,b
Kepler-80,0.02121,0.244,9.52355,4540.0,0.68,c
Kepler-80,0.02124,0.136,3.07222,4540.0,0.68,d
Kepler-111,,0.651,224.784608,5952.0,1.16,c
Kepler-112,,0.211,8.408878,5544.0,0.84,b
Kepler-113,0.037,0.162,4.754,4725.0,0.69,b
Kepler-113,,0.194,8.92507,4725.0,0.69,c
Kepler-114,,0.112,5.188549,4605.0,0.67,b
Kepler-114,0.012,0.226,11.776,4605.0,0.67,d
24 Sex,,,452.8,5098.0,4.9,b
47 UMa,,,2391.0,5892.0,1.23,c
47 UMa,,,14002.0,5892.0,1.23,d
55 Cnc,0.8306,,14.65152,5196.0,0.94,b
55 Cnc,0.1714,,44.4175,5196.0,0.94,c
55 Cnc,0.02542,0.17,0.736539,5196.0,0.94,e
55 Cnc,0.141,,262.0,5196.0,0.94,f
61 Vir,,,4.215,5577.0,0.96,b
61 Vir,,,38.021,5577.0,0.96,c
NN Ser,7.33,,5573.55,57000.0,,c
UZ For,6.3,,5840.0,,,b
nu Oph,,,530.32,4928.0,15.1,b
ups And,,,4.617033,,1.56,b
ups And,,,1276.46,,1.56,d
BD-08 2823,,,5.6,4746.0,,b
BD-08 2823,,,237.6,4746.0,,c
BD-06 1339,,,3.8728,4324.0,,b
BD+20 2457,,,379.63,4137.0,49.0,b
HD 1461,,,13.5052,5765.0,,c
HD 204313,,,34.905,5776.0,,c
KOI-7892,,0.366,31.8099,6474.0,1.26,b
KOI-7892,,0.214,75.2,6474.0,1.26,c
KIC 9663113,,0.41,572.3847,6065.0,1.03,b
KIC 5437945,,0.571,440.7813,6340.0,1.24,b
Kepler-825,,0.136,3.77360059,5976.0,1.08,b
Kepler-825,,0.164,8.1818246,5976.0,1.08,c
OGLE-2012-BLG-0,0.39,,,,,b
OGLE-2012-BLG-0,0.47,,,,,b
Kepler-887,,0.164,20.42228798,6194.0,1.29,b
Kepler-887,,0.101,7.63846023,6194.0,1.29,c
Kepler-304,,0.107,1.49914695,4731.0,0.69,e
Kepler-903,,0.179,10.3507721,5682.0,0.97,b
Kepler-903,,0.226,62.9228557,5682.0,0.97,c
Kepler-920,,0.216,6.53192704,5403.0,0.85,b
Kepler-937,,0.332,67.668827,6095.0,1.22,b
Kepler-937,,0.238,153.343364,6095.0,1.22,c
Kepler-411,,0.292,7.83442788,4974.0,0.79,c
Kepler-167,,0.107,21.803855,4890.0,0.73,d
Kepler-167,,0.906,1071.23228,4890.0,0.73,e
Kepler-953,,0.106,9.10967112,5416.0,0.99,c
Kepler-1311,,0.111,11.1726994,5748.0,1.4,b
Kepler-1311,,0.109,2.53573424,5748.0,1.4,c
Kepler-398,,0.079,6.83437001,4493.0,0.61,d
Kepler-401,,0.203,184.256405,6117.0,1.33,d
Kepler-1321,,0.439,11.12830484,4094.0,0.53,b
Kepler-1245,,0.128,4.35409304,5306.0,0.83,b
Kepler-1245,,0.128,2.93658468,5306.0,0.83,c
Kepler-1388,,0.231,12.2854603,4098.0,0.61,b
Kepler-1388,,0.202,5.53608151,4098.0,0.61,c
Kepler-1388,,0.219,37.6327084,4098.0,0.61,e
Kepler-1398,,0.08,2.78815679,6126.0,1.18,b
Kepler-1398,,0.092,4.13827595,6126.0,1.18,c
Kepler-967,,0.21,13.22713379,5178.0,0.8,b
Kepler-968,,0.178,3.69298373,4598.0,0.7,b
Kepler-968,,0.151,5.70940492,4598.0,0.7,c
Kepler-969,,0.185,34.1731714,5214.0,0.82,b
Kepler-990,,0.232,9.91723428,5948.0,1.08,b
Kepler-990,,0.136,0.53835431,5948.0,1.08,c
Kepler-1016,,0.194,1.95452434,5821.0,1.0,b
Kepler-1016,,0.328,105.6551369,5821.0,1.0,c
Kepler-342,,0.079,1.64422461,6175.0,1.47,e
HD 219134,0.02297,0.117,22.717,4699.0,0.78,f
HD 219134,,,94.2,4699.0,0.78,g
HD 219134,,,2247.0,4699.0,0.78,h
Kepler-1047,,0.186,56.1886887,5754.0,1.13,b
Kepler-1047,,0.088,3.18897601,5754.0,1.13,c
Kepler-1050,,0.143,15.3787546,6010.0,1.13,b
Kepler-1050,,0.132,21.1284569,6010.0,1.13,c
Kepler-351,,0.243,142.544247,5643.0,0.85,d
Kepler-1065,,0.333,3.60930891,5635.0,0.93,b
Kepler-1073,,0.205,8.67888593,5792.0,1.0,b
Kepler-1073,,0.146,4.02582254,5792.0,1.0,c
Kepler-1086,,0.218,18.78425728,4350.0,0.66,b
Kepler-1086,,0.262,161.5163345,4350.0,0.66,c
Kepler-1093,,0.174,25.0824626,6166.0,1.2,b
Kepler-1093,,0.175,89.722292,6166.0,1.2,c
Kepler-214,,0.233,15.660544,6169.0,1.35,b
Kepler-214,,0.19,28.7798,6169.0,1.35,c
Kepler-215,,0.145,9.360672,5739.0,1.03,b
Kepler-215,,0.158,14.667108,5739.0,1.03,c
Kepler-215,,0.213,30.864423,5739.0,1.03,d
Kepler-215,,0.156,68.16101,5739.0,1.03,e
Kepler-216,,0.21,7.693641,6091.0,1.26,b
Kepler-216,,0.271,17.406669,6091.0,1.26,c
Kepler-217,,0.199,5.374943,6171.0,1.8,b
Kepler-217,,0.165,8.586004,6171.0,1.8,c
Kepler-218,,0.132,3.619337,5502.0,1.06,b
Kepler-218,,0.28,44.699576,5502.0,1.06,c
Kepler-219,,0.263,4.585512,5786.0,1.49,b
Kepler-219,,0.319,22.714613,5786.0,1.49,c
Kepler-219,,0.251,47.903645,5786.0,1.49,d
Kepler-220,,0.072,4.159807,4632.0,0.67,b
Kepler-220,,0.14,9.034199,4632.0,0.67,c
Kepler-220,,0.087,28.122397,4632.0,0.67,d
Kepler-220,,0.119,45.902733,4632.0,0.67,e
Kepler-221,,0.261,5.690586,5243.0,0.82,c
Kepler-221,,0.244,10.04156,5243.0,0.82,d
Kepler-221,,0.235,18.369917,5243.0,0.82,e
Kepler-222,,0.282,3.936981,5433.0,0.87,b
Kepler-222,,0.329,28.081912,5433.0,0.87,d
Kepler-223,0.02328,0.267,7.38449,,1.72,b
Kepler-223,0.01605,0.307,9.84564,,1.72,c
Kepler-223,0.0151,0.41,19.72567,,1.72,e
Kepler-224,,0.124,3.132924,5018.0,0.68,b
Kepler-224,,0.278,5.925003,5018.0,0.68,c
Kepler-224,,0.176,18.643577,5018.0,0.68,e
Kepler-225,,0.107,6.738975,3682.0,0.48,b
Kepler-225,,0.164,18.794234,3682.0,0.48,c
Kepler-226,,0.138,3.940997,5571.0,0.8,b
Kepler-226,,0.109,8.109044,5571.0,0.8,d
Kepler-227,,0.277,9.488015,5854.0,1.09,b
Kepler-227,,0.271,54.418694,5854.0,1.09,c
Kepler-228,,0.241,4.134444,6043.0,1.01,c
Kepler-228,,0.36,11.094286,6043.0,1.01,d
Kepler-229,,0.196,6.252972,5120.0,0.73,b
Kepler-229,,0.343,41.194912,5120.0,0.73,d
Kepler-230,,0.38,32.625555,5588.0,0.82,b
Kepler-230,,0.182,91.773242,5588.0,0.82,c
Kepler-231,,0.172,19.271566,3767.0,0.49,c
Kepler-232,,0.275,4.431222,5847.0,0.97,b
Kepler-232,,0.342,11.379349,5847.0,0.97,c
Kepler-233,,0.217,8.472382,5360.0,0.76,b
Kepler-234,,0.33,2.711506,6224.0,1.11,b
Kepler-234,,0.313,7.21205,6224.0,1.11,c
Kepler-235,,0.199,3.340222,4255.0,0.55,b
Kepler-235,,0.183,20.060548,4255.0,0.55,d
Kepler-235,,0.198,46.183669,4255.0,0.55,e
Kepler-236,,0.14,8.295611,3750.0,0.51,b
Kepler-237,,0.126,4.715106,4861.0,0.72,b
K2-5,,0.17,5.73594,3930.0,0.57,b
K2-5,,0.202,10.93241,3930.0,0.57,c
K2-8,,0.319,10.35239,4870.0,0.74,b
K2-19,,0.691,7.9194,5430.0,0.86,b
K2-19,,0.434,11.90715,5430.0,0.86,c
K2-16,,0.18,7.6188,4742.0,0.66,b
K2-18,0.02504,0.212,32.93963,3457.0,0.41,b
LkCa 15,,,,,,b
LkCa 15,,,,,,c
Kepler-454,0.02152,0.211,10.57375339,5701.0,1.07,b
HD 33844,,,551.4,4861.0,5.29,b
HD 33844,,,916.0,4861.0,5.29,c
Kepler-1129,,0.264,24.3397804,5831.0,1.0,b
Kepler-1129,,0.244,76.5369586,5831.0,1.0,c
Kepler-1143,,0.149,2.88890485,5053.0,0.77,b
Kepler-1143,,0.321,210.630591,5053.0,0.77,c
Kepler-1154,,0.209,5.1856142,6327.0,1.43,b
Kepler-1154,,0.211,8.45808312,6327.0,1.43,c
Kepler-603,,0.236,21.05358596,5808.0,1.01,b
Kepler-603,,0.58,127.9075774,5808.0,1.01,c
Kepler-603,,0.118,6.2171292,5808.0,1.01,d
Kepler-605,,0.128,3.38353807,5462.0,0.88,b
Kepler-605,,0.077,2.35895152,5462.0,0.88,c
Kepler-610,,0.374,6.99692655,5943.0,1.13,b
Kepler-610,,0.294,151.86392,5943.0,1.13,c
Kepler-191,,0.203,5.94504102,5282.0,0.79,d
Kepler-192,,0.091,6.47027579,5479.0,1.01,d
Kepler-616,,0.217,9.99761851,5753.0,0.97,b
Kepler-616,,0.304,90.4113556,5753.0,0.97,c
Kepler-619,,0.282,5.4042722,5980.0,1.11,b
Kepler-619,,0.151,1.20846503,5980.0,1.11,c
Kepler-262,,0.121,13.060855,5841.0,0.88,b
Kepler-264,,0.252,140.101261,6158.0,1.55,c
Kepler-265,,0.231,67.831024,5835.0,1.1,e
Kepler-267,,0.19,6.87745,4258.0,0.56,c
Kepler-269,,0.151,8.127899,5847.0,0.96,c
Kepler-276,0.051,0.25,48.648,6105.0,1.05,d
Kepler-278,,0.363,30.160546,4991.0,2.94,b
Kepler-279,0.118,0.277,54.414,6363.0,1.75,d
Kepler-28,1.51,0.321,5.9123,4590.0,0.7,b
Kepler-281,,0.474,36.337373,5723.0,0.9,c
Kepler-282,0.177,0.277,44.347,5602.0,0.9,e
Kepler-284,,0.233,37.514456,5615.0,0.81,c
Kepler-286,,0.122,3.468095,5580.0,0.86,c
Kepler-287,,0.291,44.851896,5806.0,1.03,c
Kepler-289,0.42,1.034,125.8518,5990.0,1.0,c
Kepler-291,,0.193,3.546511,6002.0,1.02,b
Kepler-292,,0.199,7.055679,5299.0,0.83,d
Kepler-293,,0.342,54.155743,5804.0,0.96,c
Kepler-295,,0.121,33.884054,5603.0,0.9,d
Kepler-296,,0.136,34.14211,3740.0,0.48,e
Kepler-298,,0.175,10.475464,4465.0,0.58,b
Kepler-299,,0.166,15.054786,5617.0,1.03,d
Kepler-30,0.036,0.348,29.33434,5498.0,0.95,b
Kepler-301,,0.12,2.508553,5815.0,0.9,b
Kepler-306,,0.22,17.326644,4954.0,0.72,d
Kepler-359,,0.384,57.68802,6248.0,1.09,c
Kepler-359,,0.358,77.095691,6248.0,1.09,d
Kepler-360,,0.147,3.289672,6053.0,1.06,b
Kepler-361,,0.129,8.486616,6169.0,1.34,b
Kepler-361,,0.225,55.188023,6169.0,1.34,c
Kepler-362,,0.079,10.327186,5788.0,0.72,b
Kepler-363,,0.103,3.614568,5593.0,1.49,b
Kepler-363,,0.151,7.542427,5593.0,1.49,c
Kepler-363,,0.183,11.932125,5593.0,1.49,d
Kepler-364,,0.138,25.745718,6108.0,1.28,b
Kepler-365,,0.182,10.664903,6012.0,1.05,b
Kepler-365,,0.146,17.784129,6012.0,1.05,c
Kepler-366,,0.13,3.281959,6209.0,1.05,b
Kepler-367,,0.116,37.815724,4710.0,0.69,b
Kepler-367,,0.107,53.578637,4710.0,0.69,c
Kepler-368,,0.291,26.84768,5502.0,2.02,b
Kepler-369,,0.101,2.732756,3591.0,0.47,b
Kepler-369,,0.126,14.871572,3591.0,0.47,c
Kepler-370,,0.142,4.57953,5852.0,0.9,b
Kepler-370,,0.17,19.02293,5852.0,0.9,c
Kepler-371,,0.159,67.968015,5666.0,0.99,c
Kepler-372,,0.121,6.849692,6509.0,1.14,b
Kepler-372,,0.186,20.053763,6509.0,1.14,c
Kepler-372,,0.151,30.092568,6509.0,1.14,d
Kepler-373,,0.121,5.535309,5787.0,0.84,b
KIC 5437945,,0.492,220.1303357,6340.0,1.24,c
Kepler-1530,,0.146,2.5904434,5477.0,0.88,b
Kepler-1530,,0.147,5.3227406,5477.0,0.88,c
HIP 65407,,,28.125,5460.0,,b
HIP 65407,,,67.3,5460.0,,c
HD 141399,,,94.44,5600.0,,b
HD 141399,,,201.99,5600.0,,c
HD 141399,,,1069.8,5600.0,,d
HD 141399,,,5000.0,5600.0,,e
K2-19,,0.102,2.50856,5430.0,0.86,d
K2-32,0.05191,0.458,8.99213,5275.0,0.84,b
K2-32,0.03241,0.306,31.7154,5275.0,0.84,d
K2-32,0.03807,0.269,20.6602,5275.0,0.84,c
Kepler-198,,0.136,1.31184443,5574.0,0.94,d
Kepler-625,,0.178,7.75192492,5789.0,0.96,b
Kepler-625,,0.094,4.1653651,5789.0,0.96,c
Kepler-308,,0.189,9.694928,5895.0,0.94,b
Kepler-31,6.8,0.348,87.6451,6340.0,1.22,d
Kepler-310,,0.106,13.930698,5797.0,0.88,b
Kepler-312,,0.115,1.772419,6115.0,1.47,b
Kepler-314,,0.074,2.461069,5378.0,0.95,b
Kepler-316,,0.095,2.240508,4204.0,0.52,b
Kepler-318,,0.42,4.662715,5746.0,1.19,b
Kepler-32,,0.134,2.896,3900.0,0.53,e
Kepler-320,,0.102,8.371554,6435.0,1.11,b
Kepler-322,,0.09,1.653888,5388.0,0.89,b
Kepler-324,,0.102,4.385315,5194.0,0.84,b
Kepler-325,,0.249,38.715185,5752.0,1.0,d
Kepler-327,,0.092,5.212333,3799.0,0.49,c
Kepler-329,,0.125,7.416397,4257.0,0.52,b
Kepler-331,,0.162,8.457496,4347.0,0.49,b
Kepler-332,,0.105,34.21154,4955.0,0.72,d
Kepler-334,,0.128,12.758005,5828.0,1.07,c
Kepler-336,,0.091,2.024823,5867.0,1.3,b
Kepler-341,,0.178,42.473269,6012.0,1.02,e
Kepler-343,,0.18,23.22182,5807.0,1.43,c
Kepler-345,,0.107,9.387427,4504.0,0.62,c
Kepler-347,,0.156,27.320871,6088.0,1.0,c
Kepler-349,,0.175,12.247629,5956.0,0.93,c
Kepler-351,,0.285,57.24809,5643.0,0.85,c
Kepler-353,,0.123,8.410894,3903.0,0.5,c
Kepler-373,,0.111,16.725948,5787.0,0.84,c
Kepler-374,,0.092,1.897806,5977.0,0.91,b
Kepler-374,,0.098,3.282807,5977.0,0.91,c
Kepler-374,,0.117,5.028219,5977.0,0.91,d
Kepler-375,,0.129,12.125934,5826.0,0.84,b
Kepler-375,,0.236,19.986326,5826.0,0.84,c
Kepler-376,,0.095,4.920199,5900.0,1.18,b
Kepler-376,,0.16,14.172327,5900.0,1.18,c
Kepler-377,,0.124,12.509529,5949.0,1.22,b
Kepler-378,,0.067,16.092361,4661.0,0.67,b
Kepler-378,,0.062,28.906009,4661.0,0.67,c
Kepler-379,,0.148,20.09838,6054.0,1.31,b
Kepler-379,,0.204,62.784697,6054.0,1.31,c
Kepler-380,,0.113,7.630004,6045.0,1.22,c
Kepler-381,,0.088,5.629021,6152.0,1.57,b
Kepler-381,,0.1,13.391635,6152.0,1.57,c
Kepler-382,,0.142,12.162701,5600.0,0.94,c
Kepler-383,,0.118,12.904532,4710.0,0.67,b
Kepler-384,,0.101,45.348269,5577.0,0.88,c
Kepler-385,,0.244,10.043686,6326.0,1.13,b
Kepler-385,,0.271,15.163161,6326.0,1.13,c
Kepler-386,,0.124,12.31043,5178.0,0.77,b
Kepler-387,,0.092,6.791636,5774.0,1.05,b
Kepler-387,,0.079,11.837549,5774.0,1.05,c
Kepler-1542,,0.068,3.95116882,5564.0,0.99,b
Kepler-1542,,0.058,2.89223021,5564.0,0.99,c
Kepler-1542,,0.078,5.99273738,5564.0,0.99,d
Kepler-1542,,0.068,5.10115756,5564.0,0.99,e
Kepler-217,,0.118,3.88689525,6171.0,1.8,d
Kepler-218,,0.237,124.5244647,5502.0,1.06,d
Kepler-355,,0.13,11.03189,6184.0,1.07,b
Kepler-357,,0.238,16.85837,5036.0,0.83,c
Kepler-359,,0.315,25.563222,6248.0,1.09,b
Kepler-360,,0.187,7.186434,6053.0,1.06,c
Kepler-362,,0.129,37.866281,5788.0,0.72,c
Kepler-364,,0.192,59.980627,6108.0,1.28,c
Kepler-366,,0.16,12.51616,6209.0,1.05,c
Kepler-368,,0.346,72.379334,5502.0,2.02,c
Kepler-37,,,51.196,5417.0,0.77,e
Kepler-371,,0.169,34.763278,5666.0,0.99,b
Kepler-377,,0.184,27.014976,5949.0,1.22,c
Kepler-380,,0.106,3.930821,6045.0,1.22,b
Kepler-382,,0.118,5.262155,5600.0,0.94,b
Kepler-384,,0.1,22.597053,5577.0,0.88,b
Kepler-386,,0.141,25.193458,5178.0,0.77,c
Kepler-388,,0.077,13.297004,4498.0,0.59,c
Kepler-390,,0.07,13.060022,5166.0,0.78,c
Kepler-392,,0.098,10.423118,5938.0,1.13,c
Kepler-395,,0.092,7.054346,4262.0,0.56,b
Kepler-397,,0.219,22.250949,5307.0,0.77,b
Kepler-399,,0.086,14.425281,5502.0,0.68,b
Kepler-401,,0.153,14.383035,6117.0,1.33,b
Kepler-402,,0.123,8.921099,6090.0,1.26,d
Kepler-388,,0.072,3.173315,4498.0,0.59,b
Kepler-389,,0.135,3.244107,5376.0,0.79,b
Kepler-389,,0.13,14.51143,5376.0,0.79,c
Kepler-390,,0.073,6.738088,5166.0,0.78,b
Kepler-391,,0.285,7.416755,4940.0,3.57,b
Kepler-391,,0.316,20.485435,4940.0,3.57,c
Kepler-392,,0.089,5.341853,5938.0,1.13,b
Kepler-393,,0.115,9.182417,6189.0,1.38,b
Kepler-393,,0.119,14.613612,6189.0,1.38,c
Kepler-394,,0.143,8.005013,6402.0,1.13,b
Kepler-394,,0.148,12.130686,6402.0,1.13,c
Kepler-395,,0.118,34.989262,4262.0,0.56,c
Kepler-396,0.238,0.312,42.994,5384.0,1.06,b
Kepler-396,0.056,0.473,88.505,5384.0,1.06,c
Kepler-397,,0.551,135.498527,5307.0,0.77,c
Kepler-398,,0.083,4.081423,4493.0,0.61,b
Kepler-398,,0.09,11.419412,4493.0,0.61,c
Kepler-399,,0.128,26.67569,5502.0,0.68,c
Kepler-399,,0.169,58.034616,5502.0,0.68,d
Kepler-400,,0.147,9.024389,5886.0,1.15,b
Kepler-400,,0.133,17.340824,5886.0,1.15,c
Kepler-401,,0.192,47.318218,6117.0,1.33,c
Kepler-402,,0.109,4.028751,6090.0,1.26,b
Kepler-402,,0.139,6.124821,6090.0,1.26,c
Kepler-402,,0.13,11.242861,6090.0,1.26,e
Kepler-403,,0.112,7.031462,6090.0,1.33,b
Kepler-653,,0.174,14.70748976,5665.0,1.19,b
Kepler-653,,0.07,0.90037648,5665.0,1.19,c
HD 219134,0.01491,0.143,3.092926,4699.0,0.78,b
HD 219134,0.01372,0.135,6.76458,4699.0,0.78,c
HD 219134,0.05088,0.144,46.859,4699.0,0.78,d
KOI-94,0.334,1.005,22.342989,6182.0,1.52,d
Kepler-404,,0.113,11.829851,5654.0,0.88,b
Kepler-406,0.02,0.128,2.42629,5538.0,1.07,b
Kepler-407,12.6,,3000.0,5476.0,1.01,c
Kepler-415,0.377,0.108,4.176,,0.64,b
Kepler-416,,,12.209,,1.07,c
Kepler-419,7.3,,675.47,6430.0,1.74,c
Kepler-424,,,223.3,5460.0,0.94,c
Kepler-431,,0.06,8.703,6004.0,1.09,c
Kepler-436,,0.24,64.00205,4651.0,0.7,b
Kepler-444,,0.047,6.189392,5046.0,0.75,d
Kepler-446,,0.13,1.565409,3359.0,0.24,b
Kepler-46,0.376,,57.011,5309.0,0.79,c
Kepler-48,0.0124,0.168,4.778,5194.0,0.89,b
Kepler-49,0.72,0.227,10.9129343,4252.0,0.56,c
Kepler-50,,0.194,9.37647,6225.0,1.58,c
Kepler-52,8.7,0.187,7.8773565,4263.0,0.56,b
Kepler-53,15.74,0.283,38.5583038,5858.0,0.89,c
Kepler-403,,0.156,54.280749,6090.0,1.33,c
Kepler-404,,0.153,14.751166,5654.0,0.88,c
Kepler-405,,0.186,10.613839,5818.0,0.89,b
Kepler-405,,0.416,29.726682,5818.0,0.89,c
Kepler-406,0.009,0.076,4.62332,5538.0,1.07,c
Kepler-407,,0.095,0.66931,5476.0,1.01,b
Kepler-411,,0.168,3.00516,4974.0,0.79,b
Kepler-414,0.011,0.153,4.7,,0.95,b
Kepler-414,0.094,0.269,7.171,,0.95,c
Kepler-415,,,8.708,,0.64,c
Kepler-416,0.183,0.221,6.319,,1.07,b
Kepler-417,0.035,0.206,12.331,,0.81,b
Kepler-417,,,15.943,,0.81,c
Kepler-419,2.5,0.96,69.7546,6430.0,1.74,b
Kepler-424,1.03,0.89,3.3118644,5460.0,0.94,b
KIC 10001893,,,0.2197,27500.0,,b
Kepler-430,,0.29,35.968,5884.0,1.49,b
Kepler-431,,0.068,6.803,6004.0,1.09,b
Pr0211,,,4850.0,5300.0,0.83,c
K2-24,,0.52,20.88508,5743.0,1.21,b
K2-24,,0.723,42.36342,5743.0,1.21,c
Kepler-55,1.49,0.217,27.9481449,4503.0,0.62,b
Kepler-55,,0.142,10.198545,4503.0,0.62,f
Kepler-57,6.95,0.138,11.6092567,5145.0,0.73,c
Kepler-59,1.37,0.177,17.9801235,6074.0,0.94,c
Kepler-62,0.113,0.144,122.3874,4925.0,0.64,e
Kepler-65,,0.23,5.859944,6211.0,1.41,c
Kepler-68,0.84007,,625.0,5793.0,1.24,d
Kepler-79,0.019,0.639,52.0902,6174.0,1.3,d
Kepler-80,0.01299,0.143,4.64489,4540.0,0.68,e
Kepler-82,,0.357,26.444,5428.0,0.94,b
Kepler-83,,0.252,9.77,4648.0,0.59,b
Kepler-84,,0.211,12.883,6031.0,1.17,c
Kepler-85,,0.176,8.306,5436.0,0.89,b
Kepler-87,1.02,1.204,114.73635,5600.0,1.82,b
Kepler-92,0.019,0.232,26.723,5883.0,1.7,c
Kepler-94,9.836,,820.3,4781.0,0.76,c
Kepler-97,0.011,0.132,2.58664,5779.0,0.98,b
Kepler-431,,0.1,11.922,6004.0,1.09,d
Kepler-432,5.41,1.145,52.501129,4995.0,4.06,b
Kepler-444,,0.036,3.6001053,5046.0,0.75,b
Kepler-444,,0.044,4.5458841,5046.0,0.75,c
Kepler-444,,0.066,9.740486,5046.0,0.75,f
Kepler-445,,0.14,2.984151,3157.0,0.21,b
Kepler-445,,0.11,8.15275,3157.0,0.21,d
Kepler-446,,0.12,5.148921,3359.0,0.24,d
Kepler-1641,,0.277,19.672266,6152.0,1.19,b
Kepler-1641,,0.263,32.657212,6152.0,1.19,c
Kepler-1642,,0.285,12.2057513,5355.0,0.84,b
Kepler-539,2.4,,1000.0,5820.0,0.95,c
HD 219828,,,4791.0,5891.0,1.69,c
Kepler-245,,0.156,3.21982106,5100.0,0.8,e
Kepler-712,,0.304,21.02247699,5148.0,0.78,b
Kepler-712,,0.433,226.89047,5148.0,0.78,c
Kepler-722,,0.235,4.09357325,5863.0,1.05,b
NN Ser,2.3,,2883.5,57000.0,,d
OGLE-2007-BLG-3,0.06,,,,,b
OGLE-2011-BLG-0,0.88,,,,,b
OGLE-2012-BLG-0,1.85,,,,,b
OGLE-2013-BLG-0,0.0073,,,,,b
PSR B1257+12,0.01227,,98.2114,,,d
UZ For,7.7,,1916.25,,,c
WASP-41,0.94,1.18,3.052404,5545.0,0.87,b
OGLE-2006-BLG-1,0.73,,1788.5,,,b
OGLE-2006-BLG-1,0.27,,4927.5,,,c
OGLE-2012-BLG-0,0.145,,,,,b
OGLE-2012-BLG-0,0.86,,,,,c
OGLE-2012-BLG-0,2.73,,,,,b
OGLE-2013-BLG-0,12.569,,,,,b
OGLE-2014-BLG-0,0.51,,,,,b
Pr0211,,,2.1461,5300.0,0.83,b
PSR B1257+12,6e-05,,25.262,,,b
PSR B1257+12,0.01353,,66.5419,,,c
K2-35,,0.172,5.608352,4402.71,0.62,b
K2-35,,0.118,2.399964,4402.71,0.62,c
K2-36,,0.118,1.42266,4924.0,0.74,b
K2-36,,0.25,5.34059,4924.0,0.74,c
K2-37,,0.144,4.44117,5413.0,0.85,b
K2-37,,0.245,6.42904,5413.0,0.85,c
K2-37,,0.244,14.09189,5413.0,0.85,d
K2-38,0.03776,0.138,4.01593,5757.0,1.1,b
K2-38,0.03115,0.216,10.56103,5757.0,1.1,c
K2-8,,0.215,5.06416,4870.0,0.74,c
HIP 41378,,0.259,15.5712,6199.0,1.4,b
HIP 41378,,0.228,31.6978,6199.0,1.4,c
HIP 41378,,0.353,156.0,6199.0,1.4,d
GJ 3998,,,2.64977,3722.0,0.49,b
Kepler-732,,0.113,0.89304124,3631.0,0.46,c
Kepler-255,,0.118,1.04562266,5573.0,0.93,d
Kepler-750,,0.274,9.42887179,6160.0,1.23,b
Kepler-750,,0.145,4.08899022,6160.0,1.23,c
K2-21,,0.164,9.325038,4222.06,0.65,b
K2-21,,0.222,15.50192,4222.06,0.65,c
Kepler-237,,0.186,8.103636,4861.0,0.72,c
Kepler-238,,0.154,2.090876,5751.0,1.43,b
Kepler-238,,0.213,6.155557,5751.0,1.43,c
Kepler-238,,0.274,13.233549,5751.0,1.43,d
Kepler-238,0.534,0.5,23.654,5751.0,1.43,e
Kepler-238,0.042,0.178,50.447,5751.0,1.43,f
Kepler-239,,0.208,11.763051,4914.0,0.76,b
Kepler-239,,0.224,56.228098,4914.0,0.76,c
Kepler-240,,0.122,4.144495,4985.0,0.74,b
Kepler-240,,0.196,7.953528,4985.0,0.74,c
Kepler-241,,0.208,12.718092,4699.0,0.67,b
Kepler-241,,0.229,36.065978,4699.0,0.67,c
Kepler-242,,0.233,8.20395,5020.0,0.85,b
TYC 1422-614-1,,,198.4,4806.0,6.85,b
TYC 1422-614-1,,,559.3,4806.0,6.85,c
WASP-8,2.244,1.038,8.158715,5600.0,0.94,b
WASP-8,,,4323.0,5600.0,0.94,c
GJ 3998,,,13.74,3722.0,0.49,c
OGLE-2007-BLG-3,0.25171,,2557.0,,,c
GJ 676 A,,,7337.0,,,c
GJ 676 A,,,35.39,,,e
GJ 876,2.2756,,61.1166,,,b
OGLE-2014-BLG-0,3.09,,,,,b
HD 30177,,,11613.0,5580.0,,c
HD 4732,,,2732.0,4959.0,5.4,c
K2-16,,0.227,19.07863,4742.0,0.66,c
KIC 10001893,,,0.81161,27500.0,,d
Kepler-100,,0.196,12.8159,5825.0,1.49,c
Kepler-102,,0.079,27.4536,4909.0,0.76,f
Kepler-755,,0.157,1.26909037,5043.0,0.77,b
Kepler-755,,0.112,2.85313364,5043.0,0.77,c
Kepler-758,,0.221,12.1097104,6228.0,1.42,b
Kepler-758,,0.151,4.75793986,6228.0,1.42,c
Kepler-758,,0.189,20.4966197,6228.0,1.42,d
Kepler-758,,0.136,8.1934719,6228.0,1.42,e
Kepler-760,,0.273,8.70419416,5322.0,0.85,b
Kepler-760,,0.132,2.46697439,5322.0,0.85,c
Kepler-769,,0.261,7.42608998,6186.0,1.28,b
Kepler-769,,0.16,15.9870174,6186.0,1.28,c
Kepler-770,,0.205,18.92540274,5598.0,0.92,b
Kepler-243,,0.219,5.715442,5228.0,0.84,b
Kepler-243,,0.178,20.026218,5228.0,0.84,c
Kepler-244,,0.246,4.311792,5554.0,0.8,b
Kepler-244,,0.206,20.050401,5554.0,0.8,d
Kepler-245,,0.229,7.49019,5100.0,0.8,b
Kepler-245,,0.194,17.460812,5100.0,0.8,c
Kepler-245,,0.27,36.277108,5100.0,0.8,d
Kepler-246,,0.134,11.187161,5206.0,0.83,c
Kepler-247,,0.146,3.33616,5100.0,0.77,b
Kepler-247,,0.365,9.439452,5100.0,0.77,c
Kepler-248,,0.269,6.308205,5190.0,0.83,b
Kepler-248,,0.363,16.239494,5190.0,0.83,c
Kepler-249,,0.097,3.306539,3568.0,0.48,b
Kepler-249,,0.14,15.368459,3568.0,0.48,d
Kepler-250,,0.101,4.148141,5160.0,0.81,b
Kepler-250,,0.203,7.156804,5160.0,0.81,c
Kepler-251,,0.119,4.790936,5526.0,0.89,b
Kepler-251,,0.247,16.514043,5526.0,0.89,c
Kepler-251,,0.247,30.133001,5526.0,0.89,d
Kepler-251,,0.247,99.640161,5526.0,0.89,e
Kepler-252,,0.192,10.848463,4208.0,0.55,c
Kepler-253,,0.145,3.783986,5208.0,0.79,b
Kepler-253,,0.236,10.281951,5208.0,0.79,c
Kepler-254,,0.345,5.826662,5957.0,0.91,b
Kepler-254,,0.192,12.412183,5957.0,0.91,c
WASP-47,1.21,1.15,4.16071,5576.0,1.16,b
Kepler-1254,,0.138,9.99113313,4985.0,0.75,b
Kepler-1254,,0.116,3.60084276,4985.0,0.75,c
Kepler-436,,0.208,16.79713874,4651.0,0.7,c
Kepler-221,,0.153,2.795906,5243.0,0.82,b
Kepler-222,,0.414,10.08881,5433.0,0.87,c
Kepler-223,0.02517,0.467,14.78869,,1.72,d
Kepler-224,,0.205,11.349393,5018.0,0.68,d
Kepler-226,,0.203,5.349555,5571.0,0.8,c
Kepler-770,,0.107,1.47532231,5598.0,0.92,c
Kepler-770,,0.125,4.15244722,5598.0,0.92,d
Kepler-271,,0.059,5.24972541,5524.0,0.88,d
Kepler-254,,0.223,18.746477,5957.0,0.91,d
Kepler-255,,0.267,9.946047,5573.0,0.93,c
Kepler-256,,0.142,1.620493,5551.0,1.3,b
Kepler-256,,0.192,3.38802,5551.0,1.3,c
Kepler-256,,0.221,5.839172,5551.0,1.3,d
Kepler-257,,0.233,2.382667,5180.0,1.04,b
Kepler-257,,0.483,6.581484,5180.0,1.04,c
Kepler-257,,0.442,24.664551,5180.0,1.04,d
Kepler-258,,0.322,33.653079,4942.0,0.92,c
Kepler-259,,0.25,8.115317,5938.0,0.9,b
Kepler-259,,0.241,36.924931,5938.0,0.9,c
Kepler-260,,0.155,76.050178,5250.0,0.86,c
Kepler-261,,0.194,10.381227,5098.0,0.79,b
Kepler-261,,0.178,24.570858,5098.0,0.79,c
Kepler-262,,0.146,21.853722,5841.0,0.88,c
Kepler-263,,0.238,16.568087,5265.0,0.79,b
Kepler-263,,0.22,47.332773,5265.0,0.79,c
Kepler-264,,0.297,40.806231,6158.0,1.55,b
Kepler-265,,0.166,6.846262,5835.0,1.1,b
Kepler-265,,0.235,17.028937,5835.0,1.1,c
Kepler-265,,0.222,43.130617,5835.0,1.1,d
Kepler-266,,0.221,6.61833,5885.0,1.03,b
Kepler-266,,0.347,107.723601,5885.0,1.03,c
Kepler-267,,0.177,3.353728,4258.0,0.56,b
Kepler-267,,0.203,28.464515,4258.0,0.56,d
Kepler-228,,0.136,2.566546,6043.0,1.01,b
Kepler-229,,0.439,16.068638,5120.0,0.73,c
Kepler-23,2.7,0.285,10.7421,5828.0,1.55,c
Kepler-231,,0.154,10.065275,3767.0,0.49,b
Kepler-233,,0.242,60.418955,5360.0,0.76,c
Kepler-235,,0.114,7.824904,4255.0,0.55,c
Kepler-236,,0.178,23.968127,3750.0,0.51,c
Kepler-24,,0.149,4.244384,5897.0,1.29,d
nu Oph,,,3186.0,4928.0,15.1,c
ups And,,,241.258,,1.56,c
TRAPPIST-1,0.00267,0.097,1.51087081,2559.0,0.12,b
TRAPPIST-1,0.00434,0.094,2.4218233,2559.0,0.12,c
TRAPPIST-1,0.00129,0.069,4.04961,2559.0,0.12,d
Kepler-466,,0.254,51.07926307,5927.0,1.05,b
Kepler-804,,0.173,14.37457351,5817.0,1.05,b
HD 181433,,,962.0,4962.0,,c
HD 192310,,,525.8,5166.0,,c
Kepler-268,,0.227,25.934138,6081.0,1.27,b
Kepler-268,,0.302,83.446393,6081.0,1.27,c
Kepler-269,,0.22,5.326718,5847.0,0.96,b
Kepler-270,,0.179,11.476094,6067.0,1.46,b
Kepler-270,,0.158,25.262887,6067.0,1.46,c
Kepler-271,,0.079,5.217738,5524.0,0.88,b
Kepler-271,,0.089,7.410935,5524.0,0.88,c
Kepler-272,,0.128,2.971353,5297.0,0.93,b
Kepler-272,,0.16,6.057342,5297.0,0.93,c
Kepler-272,,0.201,10.937304,5297.0,0.93,d
Kepler-273,,0.134,2.936532,5626.0,0.81,b
Kepler-273,,0.177,8.014927,5626.0,0.81,c
Kepler-274,,0.137,11.634788,6023.0,1.01,b
Kepler-274,,0.164,33.197861,6023.0,1.01,c
Kepler-275,,0.209,10.300682,6165.0,1.38,b
Kepler-275,,0.302,16.088134,6165.0,1.38,c
Kepler-275,,0.297,35.676062,6165.0,1.38,d
Kepler-276,,0.256,14.12841,6105.0,1.05,b
Kepler-276,0.052,0.259,31.884,6105.0,1.05,c
Kepler-277,0.275,0.261,17.324,5946.0,1.69,b
Kepler-277,0.202,0.3,33.006,5946.0,1.69,c
Kepler-278,,0.32,51.078775,4991.0,2.94,c
Kepler-279,,0.323,12.309681,6363.0,1.75,b
Kepler-279,0.155,0.384,35.736,6363.0,1.75,c
Kepler-280,,0.129,2.139542,5744.0,0.89,b
Kepler-280,,0.179,4.807091,5744.0,0.89,c
XO-2 S,,,18.157,5399.0,1.02,b
XO-2 S,,,120.8,5399.0,1.02,c
Kepler-449,,0.183,12.58242,,1.47,b
Kepler-449,,0.247,33.6727,,1.47,c
Kepler-450,,0.548,28.454851,,1.57,b
Kepler-450,,0.234,15.413135,,1.57,c
Kepler-450,,0.075,7.51464,,1.57,d
Kepler-92,,0.184,49.3568,5883.0,1.7,d
Kepler-466,,0.112,3.70921385,5927.0,1.05,c
KIC 9663113,,0.375,20.74028413,6065.0,1.03,c
Kepler-487,,1.019,15.3587684,5444.0,0.88,b
Kepler-487,,0.239,38.6519976,5444.0,0.88,c
HD 202206,,,255.87,5765.0,,b
HD 20794,,,40.114,5401.0,,c
HD 215497,,,3.93404,5113.0,,b
HD 217107,,,7.126816,5646.0,,b
HD 219828,,,3.834887,5891.0,1.69,b
HD 37124,,,885.5,,,c
HD 37605,,,2720.0,5448.0,0.9,c
Kepler-281,,0.252,14.646008,5723.0,0.9,b
Kepler-282,,0.09,9.220524,5602.0,0.9,b
Kepler-282,,0.107,13.638723,5602.0,0.9,c
Kepler-282,0.192,0.219,24.806,5602.0,0.9,d
Kepler-283,,0.19,11.008151,4351.0,0.57,b
Kepler-283,,0.162,92.743711,4351.0,0.57,c
Kepler-284,,0.2,12.699149,5615.0,0.81,b
Kepler-285,,0.12,2.633867,5411.0,0.81,b
Kepler-285,,0.1,6.186676,5411.0,0.81,c
Kepler-286,,0.111,1.796302,5580.0,0.86,b
Kepler-286,,0.119,5.914323,5580.0,0.86,d
Kepler-286,,0.158,29.221289,5580.0,0.86,e
Kepler-287,,0.208,20.342199,5806.0,1.03,b
Kepler-288,,0.149,6.097326,5918.0,1.09,b
Kepler-288,,0.254,19.305772,5918.0,1.09,c
Kepler-288,,0.238,56.633742,5918.0,1.09,d
Kepler-289,0.023,0.192,34.545,5990.0,1.0,b
Kepler-289,0.013,0.239,66.0634,5990.0,1.0,d
Kepler-290,,0.201,14.589347,5147.0,0.74,b
Kepler-290,,0.241,36.77031,5147.0,0.74,c
Kepler-291,,0.168,5.700786,6002.0,1.02,c
Kepler-292,,0.118,2.580827,5299.0,0.83,b
Kepler-292,,0.131,3.715335,5299.0,0.83,c
Kepler-292,,0.238,11.97901,5299.0,0.83,e
Kepler-292,,0.21,20.834237,5299.0,0.83,f
Kepler-432,,,406.2,4995.0,4.06,c
Kepler-444,,0.049,7.743493,5046.0,0.75,e
Kepler-445,,0.22,4.871229,3157.0,0.21,c
Kepler-446,,0.1,3.036179,3359.0,0.24,c
24 Sex,,,883.0,5098.0,4.9,c
47 UMa,,,1078.0,5892.0,1.23,b
55 Cnc,3.878,,4825.0,5196.0,0.94,d
61 Vir,,,123.01,5577.0,0.96,d
BD+20 2457,,,621.99,4137.0,49.0,c
BD-06 1339,,,125.94,4324.0,,c
CoRoT-24,0.018,0.33,5.1134,4950.0,0.86,b
Kepler-157,,0.13,7.02573474,5774.0,1.04,d
Kepler-561,,0.621,58.3620495,5646.0,0.94,b
Kepler-561,,0.239,5.35016198,5646.0,0.94,c
Kepler-166,,0.154,1.55400393,5413.0,0.74,d
HD 40307,,,9.6184,4956.0,,c
HD 40307,,,197.8,4956.0,,g
HD 4203,,,6700.0,5702.0,,c
HD 45364,,,342.85,,,c
HD 47186,,,1353.6,5675.0,,c
HD 5319,,,641.0,4958.0,3.85,b
HD 65216,,,152.6,5666.0,,c
HD 67087,,,352.2,6330.0,1.55,b
HD 69830,,,8.667,5385.0,,b
HD 73526,,,379.1,,,c
OGLE-2015-BLG-0,0.06607,,,,,b
HD 7924,,,24.451,5075.0,0.78,d
Kepler-293,,0.274,19.254196,5804.0,0.96,b
Kepler-294,,0.158,3.701212,5913.0,0.98,b
Kepler-294,,0.242,6.6264,5913.0,0.98,c
Kepler-295,,0.104,21.526258,5603.0,0.9,c
Kepler-296,,0.144,10.864384,3740.0,0.48,b
Kepler-296,,0.178,5.8416366,3740.0,0.48,c
Kepler-296,,0.186,19.850291,3740.0,0.48,d
Kepler-296,,0.161,63.33627,3740.0,0.48,f
Kepler-297,,0.256,38.871826,5619.0,0.92,b
Kepler-297,,0.583,74.920137,5619.0,0.92,c
Kepler-298,,0.172,22.92881,4465.0,0.58,c
Kepler-298,,0.223,77.473633,4465.0,0.58,d
Kepler-299,,0.118,2.927128,5617.0,1.03,b
Kepler-299,,0.236,6.885875,5617.0,1.03,c
Kepler-299,,0.167,38.285489,5617.0,1.03,e
Kepler-300,,0.149,10.446347,5986.0,0.9,b
Kepler-300,,0.201,40.714955,5986.0,0.9,c
Kepler-301,,0.12,5.419026,5815.0,0.9,c
Kepler-301,,0.156,13.751243,5815.0,0.9,d
Kepler-302,,0.362,30.184104,5740.0,1.22,b
Kepler-302,,1.111,127.282184,5740.0,1.22,c
Kepler-303,,0.079,1.937055,3944.0,0.48,b
Kepler-303,,0.102,7.061149,3944.0,0.48,c
Kepler-304,,0.255,3.295709,4731.0,0.69,b
Kepler-304,,0.194,5.315946,4731.0,0.69,c
CoRoT-7,0.02643,,3.698,5259.0,0.82,c
GJ 581,,,3.149,,0.29,e
GJ 667 C,,,62.24,3350.0,,e
GJ 832,,,3657.0,3472.0,,b
GJ 876,0.046,,124.26,,,e
HAT-P-13,,,446.27,5653.0,1.56,c
HAT-P-17,,,5584.0,5246.0,0.84,c
HD 10180,,,5.75969,5911.0,1.11,c
HD 10180,,,604.67,5911.0,1.11,g
Kepler-80,,0.108,0.9867873,4540.0,0.68,f
Kepler-132,,0.105,110.2869374,6003.0,1.18,e
Kepler-520,,0.148,19.67416124,6112.0,1.09,b
Kepler-520,,0.095,5.21104261,6112.0,1.09,c
HD 82943,1.681,,441.47,6016.0,,b
HIP 14810,,,6.673855,5485.0,1.0,b
HIP 5158,,,345.72,4962.0,,b
HIP 57274,,,32.03,,,c
HIP 67851,,,88.9,4890.0,5.92,b
HR 8799,10.0,1.2,37000.0,,,d
K2-3,,0.135,44.55983,3896.0,0.56,d
KIC 10001893,,,0.32528,27500.0,,c
KOI-94,0.049,0.385,10.423648,6182.0,1.52,c
Kepler-10,0.0145,0.132,0.837491,5627.0,1.06,b
Kepler-100,0.023,0.118,6.88705,5825.0,1.49,b
Kepler-101,0.16,0.51,3.4876812,5667.0,1.56,b
Kepler-102,0.012,0.105,10.3117,4909.0,0.76,d
Kepler-103,0.031,0.301,15.9654,5845.0,1.44,b
Kepler-304,,0.245,9.653471,4731.0,0.69,d
Kepler-305,0.033,0.321,5.487,5100.0,0.79,b
Kepler-305,0.019,0.294,8.291,5100.0,0.79,c
Kepler-305,,0.242,16.738661,5100.0,0.79,d
Kepler-306,,0.136,4.646186,4954.0,0.72,b
Kepler-306,,0.21,7.240193,4954.0,0.72,c
Kepler-306,,0.203,44.840975,4954.0,0.72,e
Kepler-307,0.02341,0.217,10.4208,5367.0,0.81,b
Kepler-307,0.01145,0.196,13.0729,5367.0,0.81,c
Kepler-308,,0.193,15.38231,5895.0,0.94,c
Kepler-309,,0.139,5.923653,4713.0,0.72,b
Kepler-309,,0.224,105.356383,4713.0,0.72,c
Kepler-310,,0.302,56.47542,5797.0,0.88,c
Kepler-310,,0.22,92.876125,5797.0,0.88,d
Kepler-311,,0.152,9.176092,5905.0,1.19,b
Kepler-311,,0.128,19.738286,5905.0,1.19,c
Kepler-312,,0.281,19.747412,6115.0,1.47,c
Kepler-313,,0.226,14.970418,5727.0,1.54,b
Kepler-313,,0.229,32.273273,5727.0,1.54,c
Kepler-314,,0.259,5.960392,5378.0,0.95,c
Kepler-315,,0.336,96.101141,5796.0,1.04,b
Kepler-315,,0.37,265.469335,5796.0,1.04,c
Kepler-316,,0.103,6.827766,4204.0,0.52,c
Kepler-317,,0.186,5.524242,5497.0,0.94,b
Kepler-317,,0.153,8.77501,5497.0,0.94,c
HD 109271,,,7.8543,5783.0,,b
HD 11964,,,1945.0,5349.0,,b
HD 125612,,,3008.0,5900.0,,d
HD 12661,,,262.709,5748.0,1.11,b
HD 134987,,,5000.0,5585.0,1.25,c
HD 13908,,,19.382,6255.0,1.67,b
HD 1461,,,5.77152,5765.0,,b
HD 147018,,,1008.0,5441.0,,c
HD 154857,,,3452.0,5605.0,1.76,c
Kepler-524,,0.17,7.97419807,6014.0,1.1,b
Kepler-524,,0.086,1.88897906,6014.0,1.1,c
Kepler-529,,0.166,1.98035766,6087.0,1.14,b
Kepler-529,,0.178,12.8345022,6087.0,1.14,c
Kepler-539,0.97,0.747,125.63243,5820.0,0.95,b
Kepler-148,,0.774,51.84688575,5272.0,0.85,d
Kepler-549,,0.229,42.9495649,5360.0,0.84,b
Kepler-549,,0.261,117.040498,5360.0,0.84,c
Kepler-104,,0.279,23.668205,5711.0,1.35,c
Kepler-106,,0.073,6.16486,5858.0,1.04,b
Kepler-106,0.035,0.228,43.8445,5858.0,1.04,e
Kepler-107,,0.095,7.958203,5851.0,1.41,d
Kepler-109,,0.211,6.48163,5952.0,1.32,b
Kepler-11,0.025,0.374,31.9996,5663.0,1.06,e
Kepler-110,,0.197,31.719775,5960.0,1.15,c
Kepler-112,,0.214,28.574263,5544.0,0.84,c
Kepler-114,0.009,0.143,8.041,4605.0,0.67,c
Kepler-116,,0.205,13.07163,6142.0,1.45,c
Kepler-119,,0.321,2.422082,5595.0,0.84,b
Kepler-121,,0.209,3.177422,5311.0,0.7,b
Kepler-122,,0.196,21.587475,6050.0,1.22,d
Kepler-124,,0.065,3.410493,4984.0,0.64,b
Kepler-125,,0.066,5.774464,3810.0,0.51,c
Kepler-127,,0.125,14.435889,6106.0,1.36,b
Kepler-128,0.105,0.101,22.804,6090.0,1.66,c
Kepler-130,,0.259,27.50868,5884.0,1.13,c
Kepler-131,0.026,0.075,25.5169,5685.0,1.03,c
Kepler-132,,0.114,6.414914,6003.0,1.18,c
Kepler-134,,0.112,10.105785,5983.0,1.18,c
Kepler-136,,0.178,16.399235,6165.0,1.35,c
Kepler-138,0.0062,0.107,13.7813,3841.0,0.44,c
Kepler-140,,0.144,3.25427,6077.0,1.29,b
Kepler-142,,0.178,2.024152,5790.0,1.27,b
Kepler-318,,0.328,11.815007,5746.0,1.19,c
Kepler-319,,0.145,4.362705,5526.0,0.9,b
Kepler-319,,0.235,6.941357,5526.0,0.9,c
Kepler-319,,0.204,31.781925,5526.0,0.9,d
Kepler-320,,0.122,17.934937,6435.0,1.11,c
Kepler-321,,0.158,4.915379,5740.0,1.19,b
Kepler-321,,0.207,13.093921,5740.0,1.19,c
Kepler-322,,0.149,4.337234,5388.0,0.89,c
Kepler-323,,0.128,1.678327,5987.0,1.18,b
Kepler-323,,0.145,3.553822,5987.0,1.18,c
Kepler-324,,0.281,51.805612,5194.0,0.84,c
Kepler-325,,0.26,4.544439,5752.0,1.0,b
Kepler-325,,0.227,12.762172,5752.0,1.0,c
Kepler-326,,0.136,2.248329,5105.0,0.8,b
Kepler-326,,0.125,4.580358,5105.0,0.8,c
Kepler-326,,0.108,6.766888,5105.0,0.8,d
Kepler-327,,0.099,2.549575,3799.0,0.49,b
Kepler-327,,0.154,13.969457,3799.0,0.49,d
Kepler-328,0.09,0.205,34.921,5914.0,1.06,b
Kepler-329,,0.172,18.684737,4257.0,0.52,c
Kepler-330,,0.12,8.25978,5117.0,0.72,b
Kepler-330,,0.174,15.955387,5117.0,0.72,c
Kepler-331,,0.164,17.28111,4347.0,0.49,c
Kepler-331,,0.146,32.134328,4347.0,0.49,d
Kepler-332,,0.104,7.626324,4955.0,0.72,b
Kepler-332,,0.097,15.995622,4955.0,0.72,c
HD 159868,,,1178.4,5558.0,,b
HD 1605,,,2111.0,4757.0,3.8,c
HD 160691,,,4205.8,5807.0,,c
HD 163607,,,75.29,5543.0,1.63,b
HD 169830,,,225.62,6299.0,,b
Kepler-553,,0.413,4.03046804,5266.0,0.85,b
Kepler-553,,0.999,328.2399546,5266.0,0.85,c
Kepler-154,,0.343,20.54981883,5690.0,1.0,d
Kepler-154,,0.134,3.93276465,5690.0,1.0,e
Kepler-154,,0.134,9.91935684,5690.0,1.0,f
KELT-6,,,1276.0,6272.0,1.53,c
WASP-47,1.57,,580.7,5576.0,1.16,c
WASP-47,0.05286,0.331,9.095,5576.0,1.16,d
WASP-47,0.02863,0.162,0.789636,5576.0,1.16,e
WASP-41,,,421.0,5545.0,0.87,c
K2-3,,0.194,10.05449,3896.0,0.56,b
Kepler-202,,0.165,16.282493,4668.0,0.67,c
Kepler-150,,0.329,7.381998,5560.0,0.94,c
Kepler-151,,0.186,24.674612,5460.0,0.83,c
Kepler-154,,0.202,33.040532,5690.0,1.0,b
Kepler-156,,0.205,4.973456,5094.0,0.81,b
Kepler-158,,0.189,16.709184,4623.0,0.62,b
Kepler-160,,0.322,13.699087,5857.0,0.88,c
Kepler-162,,0.27,19.446355,5816.0,0.96,c
Kepler-164,,0.244,10.945723,5888.0,1.15,c
Kepler-166,,0.203,7.650254,5413.0,0.74,b
Kepler-168,,0.24,13.193242,6282.0,1.11,c
Kepler-169,,0.196,13.767102,4997.0,0.76,e
Kepler-171,,0.209,4.166972,5642.0,0.84,b
Kepler-172,,0.201,14.627119,5526.0,1.08,d
Kepler-174,,0.175,13.98179,4880.0,0.62,b
Kepler-175,,0.277,34.035257,6064.0,1.01,c
Kepler-177,0.006,0.259,36.855,5942.0,1.07,b
Kepler-178,,0.352,96.678988,5676.0,1.07,d
Kepler-18,0.022,0.178,3.504725,5345.0,1.11,b
Kepler-186,,0.095,3.8867907,3755.0,0.52,b
Kepler-186,,0.104,129.9441,3755.0,0.52,f
Kepler-188,,0.285,5.996553,6021.0,1.14,c
Kepler-19,0.04122,,28.731,5544.0,0.86,c
Kepler-191,,0.12,9.939632,5282.0,0.79,b
Kepler-193,,0.213,11.38848,6335.0,1.15,b
Kepler-194,,0.214,52.814973,6089.0,1.02,d
Kepler-333,,0.118,12.551158,4259.0,0.53,b
Kepler-333,,0.099,24.08821,4259.0,0.53,c
Kepler-334,,0.1,5.470319,5828.0,1.07,b
Kepler-334,,0.126,25.09849,5828.0,1.07,d
Kepler-335,,0.302,6.562331,5877.0,1.85,b
Kepler-335,,0.274,67.844469,5877.0,1.85,c
Kepler-336,,0.187,9.600001,5867.0,1.3,c
Kepler-336,,0.211,20.678772,5867.0,1.3,d
Kepler-337,,0.137,3.292781,5684.0,1.76,b
Kepler-337,,0.183,9.693201,5684.0,1.76,c
Kepler-338,,0.218,13.726976,5923.0,1.74,b
Kepler-338,,0.209,24.310856,5923.0,1.74,c
Kepler-338,,0.268,44.431014,5923.0,1.74,d
Kepler-338,0.027,0.139,9.341,5923.0,1.74,e
Kepler-339,,0.127,4.977656,5631.0,0.8,b
Kepler-339,,0.103,6.988055,5631.0,0.8,c
Kepler-340,,0.226,14.844387,6620.0,1.85,b
Kepler-340,,0.301,22.824669,6620.0,1.85,c
Kepler-341,,0.105,5.195528,6012.0,1.02,b
Kepler-341,,0.152,8.01041,6012.0,1.02,c
Kepler-341,,0.165,27.666313,6012.0,1.02,d
Kepler-342,,0.201,15.170318,6175.0,1.47,b
Kepler-342,,0.175,26.234138,6175.0,1.47,c
Kepler-342,,0.222,39.459357,6175.0,1.47,d
Kepler-343,,0.215,8.96855,5807.0,1.43,b
Kepler-1464,,0.148,31.7785901,5828.0,1.01,b
Kepler-1464,,0.089,5.32786292,5828.0,1.01,c
Kepler-1468,,0.154,8.23984869,5893.0,1.05,b
Kepler-1468,,0.103,3.54553021,5893.0,1.05,c
Kepler-26,0.01951,0.243,17.2559,3914.0,0.51,c
Kepler-295,,0.109,12.645164,5603.0,0.9,b
Kepler-328,0.124,0.482,71.312,5914.0,1.06,c
Kepler-339,,0.104,10.558345,5631.0,0.8,d
Kepler-383,,0.111,31.200751,4710.0,0.67,c
Kepler-430,,0.16,110.979,5884.0,1.49,c
Kepler-176,,0.129,51.16579,5232.0,0.89,e
Kepler-196,,0.2,47.427737,5128.0,0.78,c
Kepler-198,,0.252,17.790037,5574.0,0.94,b
Kepler-20,,0.077,6.09852281,5495.0,0.96,e
Kepler-200,,0.19,8.594805,5678.0,0.94,b
Kepler-202,,0.145,4.069427,4668.0,0.67,b
Kepler-204,,0.226,14.400974,5812.0,1.24,b
Kepler-206,,0.107,7.781987,5764.0,1.19,b
Kepler-207,,0.134,3.071571,5920.0,1.59,c
Kepler-208,,0.107,11.131786,6092.0,1.31,d
Kepler-210,,0.323,7.972513,4559.0,0.65,c
Kepler-212,,0.244,31.805174,5852.0,1.46,c
Kepler-242,,0.178,14.496481,5020.0,0.85,c
Kepler-244,,0.183,9.767292,5554.0,0.8,c
Kepler-246,,0.209,4.60182,5206.0,0.83,b
Kepler-247,,0.352,20.477912,5100.0,0.77,d
Kepler-249,,0.135,7.113702,3568.0,0.48,c
Kepler-25,0.283,,123.0,6270.0,1.31,d
Kepler-250,,0.194,17.648312,5160.0,0.81,d
Kepler-252,,0.11,6.668391,4208.0,0.55,b
Kepler-253,,0.283,18.119869,5208.0,0.79,d
Kepler-255,,0.138,5.714606,5573.0,0.93,b
Kepler-256,,0.21,10.681572,5551.0,1.3,e
Kepler-258,,0.362,13.19722,4942.0,0.92,b
Kepler-26,,0.095,3.543919,3914.0,0.51,d
Kepler-260,,0.179,8.187399,5250.0,0.86,b
Kepler-344,,0.233,21.963945,5774.0,0.98,b
Kepler-344,,0.263,125.596809,5774.0,0.98,c
Kepler-345,,0.066,7.415563,4504.0,0.62,b
Kepler-346,,0.237,6.511127,6033.0,1.02,b
Kepler-346,,0.274,23.851549,6033.0,1.02,c
Kepler-347,,0.176,12.79836,6088.0,1.0,b
Kepler-348,,0.136,7.05677,6177.0,1.36,b
Kepler-348,,0.119,17.265427,6177.0,1.36,c
Kepler-349,,0.17,5.929778,5956.0,0.93,b
Kepler-350,,0.165,11.189562,6186.0,1.53,b
Kepler-350,0.019,0.277,17.849,6186.0,1.53,c
Kepler-350,0.047,0.25,26.136,6186.0,1.53,d
Kepler-351,,0.273,37.054919,5643.0,0.85,b
Kepler-352,,0.077,10.05537,5212.0,0.78,b
Kepler-352,,0.111,16.332995,5212.0,0.78,c
Kepler-353,,0.079,5.795278,3903.0,0.5,b
Kepler-354,,0.164,5.47666,4648.0,0.67,b
Kepler-354,,0.117,16.934402,4648.0,0.67,c
Kepler-354,,0.111,24.209842,4648.0,0.67,d
Kepler-355,,0.242,25.762294,6184.0,1.07,c
Kepler-356,,0.14,4.612696,6133.0,1.33,b
Kepler-356,,0.161,13.121632,6133.0,1.33,c
Kepler-357,,0.164,6.475434,5036.0,0.83,b
Kepler-357,,0.306,49.499875,5036.0,0.83,d
Kepler-358,,0.243,34.060467,5908.0,0.95,b
Kepler-358,,0.254,83.488369,5908.0,0.95,c
Kepler-722,,0.252,105.144749,5863.0,1.05,c
tau Cet,,,20.0,,,g
tau Cet,,,49.41,,,h
tau Cet,,,162.87,,,e
tau Cet,,,636.13,,,f
YZ Cet,,,1.96876,3056.0,0.17,b
YZ Cet,,,3.06008,3056.0,0.17,c
YZ Cet,,,4.65627,3056.0,0.17,d
OGLE-2016-BLG-0,4.1,,,,,b
HD 34445,,,117.87,5836.0,1.38,d
HD 34445,,,49.175,5836.0,1.38,e
HD 34445,,,676.8,5836.0,1.38,f
HD 34445,,,5700.0,5836.0,1.38,g
GJ 9827,,0.156,1.208957,4255.0,0.65,b
GJ 9827,,0.121,3.64802,4255.0,0.65,c
GJ 9827,,0.187,6.20141,4255.0,0.65,d
OGLE-2016-BLG-0,4.18,,,,,b
Kepler-80,,0.101,14.64558,4540.0,0.68,g
KOI-351,,0.118,14.44912,6080.0,1.2,i
KOI-351,,1.008,331.60059,6080.0,1.2,h
K2-18,,,8.962,3457.0,0.41,c
HD 20794,,,147.02,5401.0,,e
K2-117,,0.181,5.44482,3842.12,0.49,c
K2-117,,0.175,1.291505,3842.12,0.49,b
K2-133,,0.117,3.0712,3655.0,0.47,b
K2-133,,0.132,4.8682,3655.0,0.47,c
K2-133,,0.18,11.0234,3655.0,0.47,d
OGLE-2016-BLG-1,13.38,,1224.0,,,b
WASP-53,2.132,1.074,3.3098443,4953.0,0.8,b
WASP-53,,,2840.0,4953.0,0.8,c
TRAPPIST-1,0.00195,0.082,6.099615,2559.0,0.12,e
TRAPPIST-1,0.00214,0.093,9.20669,2559.0,0.12,f
TRAPPIST-1,0.00422,0.101,12.35294,2559.0,0.12,g
TRAPPIST-1,,0.067,18.767,2559.0,0.12,h
Kepler-20,,,34.94,5495.0,0.96,g
GJ 3138,,,1.22003,3717.0,0.5,b
GJ 3138,,,5.974,3717.0,0.5,c
GJ 3138,,,257.8,3717.0,0.5,d
GJ 3323,,,5.3636,3159.0,0.12,b
GJ 3323,,,40.54,3159.0,0.12,c
GJ 273,,,18.6498,3382.0,0.29,b
GJ 273,,,4.7234,3382.0,0.29,c
GJ 3293,,,48.1345,3466.0,0.4,d
GJ 3293,,,13.2543,3466.0,0.4,e
Kepler-19,0.07079,,62.95,5544.0,0.86,d
Kepler-150,,0.325,637.2093,5560.0,0.94,f
HD 27894,,,36.07,,,c
HD 27894,,,5174.0,,,d
GJ 1148,,,532.58,,,c
K2-136,,0.088,7.975292,4499.0,0.66,b
K2-136,,0.26,17.307137,4499.0,0.66,c
K2-136,,0.129,25.575065,4499.0,0.66,d
HD 176986,,,6.4898,4931.0,0.78,b
HD 176986,,,16.8191,4931.0,0.78,c
K2-138,,0.14,2.35322,5378.0,0.86,b
K2-138,,0.225,3.55987,5378.0,0.86,c
K2-138,,0.237,5.40478,5378.0,0.86,d
K2-138,,0.294,8.26144,5378.0,0.86,e
K2-138,,0.251,12.75759,5378.0,0.86,f
Kepler-804,,0.102,9.65185017,5817.0,1.05,c
Kepler-920,,0.339,100.8274113,5403.0,0.85,c
Kepler-94,0.034,0.313,2.50806,4781.0,0.76,b
Kepler-953,,0.376,88.40655258,5416.0,0.99,b
Kepler-967,,0.326,198.7112502,5178.0,0.8,c
Kepler-969,,0.088,1.6829346,5214.0,0.82,c
OGLE-2011-BLG-0,0.53,,,,,b
EPIC 220674823,,0.13,0.571308,5590.0,0.83,b
EPIC 220674823,,0.226,13.341245,5590.0,0.83,c
HD 106315,,0.214,9.55385,6254.0,1.28,b
HD 106315,,0.393,21.058,6254.0,1.28,c
OGLE-2016-BLG-1,0.0045,,,,,b
Kepler-103,0.114,0.459,179.612,5845.0,1.44,c
Kepler-1065,,0.143,2.37030743,5635.0,0.93,c
HD 3167,,,8.509,5261.0,0.86,d
OGLE-2013-BLG-0,0.29,,,,,b
HD 34445,,,214.67,5836.0,1.38,c
Kepler-1254,,0.117,5.72717226,4985.0,0.75,d
Kepler-1321,,0.214,2.22649109,4094.0,0.53,c
Kepler-138,0.00021,0.047,10.3126,3841.0,0.44,b
HIP 41378,,0.492,131.0,6199.0,1.4,e
HIP 41378,,0.91,324.0,6199.0,1.4,f
OGLE-2015-BLG-0,3.9,,,,,b
K2-58,,0.239,7.05254,5413.0,0.86,b
K2-58,,0.145,2.53726,5413.0,0.86,c
K2-58,,0.153,22.8827,5413.0,0.86,d
K2-59,,0.215,20.6921,5055.0,0.73,b
K2-59,,0.205,11.2954,5055.0,0.73,c
K2-62,,0.191,6.67202,4880.0,0.73,b
K2-62,,0.191,16.1966,4880.0,0.73,c
K2-72,,0.096,5.577212,3360.47,0.33,b
K2-72,,0.103,15.189034,3360.47,0.33,c
K2-72,,0.09,7.760178,3360.47,0.33,d
K2-72,,0.115,24.158868,3360.47,0.33,e
K2-75,,0.238,7.8142,5995.0,1.56,b
K2-75,,0.247,18.311,5995.0,1.56,c
K2-80,,0.179,19.0918,5441.0,0.87,b
K2-80,,0.131,5.605,5441.0,0.87,c
K2-83,,0.111,2.74697,3910.0,0.42,b
K2-83,,0.132,9.99767,3910.0,0.42,c
K2-84,,0.215,6.4215,5652.0,0.93,b
K2-84,,0.181,27.86,5652.0,0.93,c
K2-90,,0.226,13.734907,4421.98,0.63,b
K2-90,,0.116,2.900706,4421.98,0.63,c
HD 3167,0.01579,0.152,0.959641,5261.0,0.86,b
HD 3167,0.03083,0.269,29.8454,5261.0,0.86,c
HD 133131 A,,,649.0,5799.0,,b
HD 133131 A,,,3568.0,5799.0,,c
Kepler-1388,,0.255,20.9568158,4098.0,0.61,d
OGLE-2015-BLG-0,0.72,,,,,b
OGLE-2012-BLG-0,0.11012,,,,,b
HD 147873,,,116.596,5972.0,2.29,b
HD 147873,,,491.54,5972.0,2.29,c
Kepler-1642,,0.237,6.6513802,5355.0,0.84,c
Kepler-732,,0.194,9.46781405,3631.0,0.46,b
Kepler-56,,,1002.0,4840.0,4.23,d
rho CrB,,,39.8458,5627.0,1.36,b
HD 164922,,,75.765,5293.0,1.0,c
rho CrB,,,102.54,5627.0,1.36,c
Kepler-454,,,523.9,5701.0,1.07,c
Kepler-48,0.025,0.182,42.8961,5194.0,0.89,d
